{
  "accuracy": 0.6785714285714286,
  "precision": 0.7043478260869566,
  "recall": 0.7570093457943925,
  "f1": 0.7297297297297297,
  "roc_auc": 0.7301841786258945
}